{
   "class name" : "VisionCorrectionModel",
   "content" : {
      "cam_offset" : [ -0.46551254229464012, 0.91254317575896826, 0.85750973796913832 ],
      "camera_pan" : 65.867733103736185,
      "camera_pan_space" : [ 60, 70 ],
      "camera_tilt" : 51.624626186316085,
      "camera_tilt_space" : [ 48, 55 ],
      "img_height" : 480,
      "img_width" : 640,
      "imu_offset" : [ -1.1041808959096602, -1.5151586394788752, 0 ],
      "max_angle_error" : 5,
      "nb_samples" : 500,
      "nb_threads" : 13,
      "neck_offset" : [ 0, 0, 0 ],
      "px_stddev" : 7.1028076033959362,
      "px_stddev_space" : [ 1, 20 ],
      "used_indices" : [ 0, 1, 2, 3, 4, 5, 10, 11 ]
   }
}
