{
   "class name" : "VisionCorrectionModel",
   "content" : {
      "cam_offset" : [ -1.5315037559087898, 0.34352495934626381, 1.8676404716296897 ],
      "camera_pan" : 64.678858923374875,
      "camera_pan_space" : [ 60, 70 ],
      "camera_tilt" : 50.785988990699209,
      "camera_tilt_space" : [ 48, 55 ],
      "img_height" : 480,
      "img_width" : 640,
      "imu_offset" : [ -1.3953581740635008, -1.4474628868116457, 0 ],
      "max_angle_error" : 5,
      "nb_samples" : 500,
      "nb_threads" : 20,
      "neck_offset" : [ 0, 0, 0 ],
      "px_stddev" : 7.994431058876307,
      "px_stddev_space" : [ 1, 20 ],
      "used_indices" : [ 0, 1, 2, 3, 4, 5, 10, 11 ]
   }
}
