{
   "class name" : "VisionCorrectionModel",
   "content" : {
      "cam_offset" : [ -0.68137796331509259, 0.54111565058705291, 0.84733470740096783 ],
      "camera_pan" : 65.813675853074628,
      "camera_pan_space" : [ 60, 70 ],
      "camera_tilt" : 51.435701741296512,
      "camera_tilt_space" : [ 48, 55 ],
      "img_height" : 480,
      "img_width" : 640,
      "imu_offset" : [ -0.851276837215306, -1.3658562614289329, 0 ],
      "max_angle_error" : 5,
      "nb_samples" : 500,
      "nb_threads" : 60,
      "neck_offset" : [ 0, 0, 0 ],
      "px_stddev" : 6.3030094953144769,
      "px_stddev_space" : [ 1, 20 ],
      "used_indices" : [ 0, 1, 2, 3, 4, 5, 10, 11 ]
   }
}
