{
   "class name" : "VisionCorrectionModel",
   "content" : {
      "cam_offset" : [ -0.30653186493267925, -1.3771768185341526, 1.1800676381989947 ],
      "camera_pan" : 66.910904040788722,
      "camera_pan_space" : [ 60, 70 ],
      "camera_tilt" : 52.70400415241604,
      "camera_tilt_space" : [ 48, 55 ],
      "img_height" : 480,
      "img_width" : 640,
      "imu_offset" : [ -1.3205002966051769, -1.0541884370514263, 0 ],
      "max_angle_error" : 5,
      "nb_samples" : 500,
      "nb_threads" : 16,
      "neck_offset" : [ 0, 0, 0 ],
      "px_stddev" : 7.7357544164640277,
      "px_stddev_space" : [ 1, 20 ],
      "used_indices" : [ 0, 1, 2, 3, 4, 5, 10, 11 ]
   }
}
