{
   "class name" : "VisionCorrectionModel",
   "content" : {
      "cam_offset" : [ -1.360173854512573, 0.76094591348995178, 1.3740521946531314 ],
      "camera_pan" : 64.901671535205963,
      "camera_pan_space" : [ 60, 70 ],
      "camera_tilt" : 50.147225768553646,
      "camera_tilt_space" : [ 48, 55 ],
      "img_height" : 480,
      "img_width" : 640,
      "imu_offset" : [ -2.2589119404262359, -2.27014497310096, 0 ],
      "max_angle_error" : 5,
      "nb_samples" : 500,
      "nb_threads" : 20,
      "neck_offset" : [ 0, 0, 0 ],
      "px_stddev" : 7.3055404528300922,
      "px_stddev_space" : [ 1, 20 ],
      "used_indices" : [ 0, 1, 2, 3, 4, 5, 10, 11 ]
   }
}
