{
   "class name" : "VisionCorrectionModel",
   "content" : {
      "cam_offset" : [ -0.062158908764071798, -0.96055740969756442, 0.8392701842089807 ],
      "camera_pan" : 67.04118622877705,
      "camera_pan_space" : [ 60, 70 ],
      "camera_tilt" : 52.916663232430402,
      "camera_tilt_space" : [ 48, 55 ],
      "img_height" : 480,
      "img_width" : 640,
      "imu_offset" : [ -1.2697311161171458, -2.0455126494077178, 0 ],
      "max_angle_error" : 5,
      "nb_samples" : 500,
      "nb_threads" : 10,
      "neck_offset" : [ 0, 0, 0 ],
      "px_stddev" : 8.2092944470570934,
      "px_stddev_space" : [ 1, 20 ],
      "used_indices" : [ 0, 1, 2, 3, 4, 5, 10, 11 ]
   }
}
