{
   "class name" : "VisionCorrectionModel",
   "content" : {
      "cam_offset" : [ -0.72762360964230011, 2.603836926200894, 0.54046515510970661 ],
      "camera_pan" : 64.973610006077749,
      "camera_pan_space" : [ 60, 70 ],
      "camera_tilt" : 50.632043254704513,
      "camera_tilt_space" : [ 48, 55 ],
      "img_height" : 480,
      "img_width" : 640,
      "imu_offset" : [ -1.8261614415656979, -1.3526619804099933, 0 ],
      "max_angle_error" : 5,
      "nb_samples" : 500,
      "nb_threads" : 40,
      "neck_offset" : [ 0, 0, 0 ],
      "px_stddev" : 6.9713050382744957,
      "px_stddev_space" : [ 1, 20 ],
      "used_indices" : [ 0, 1, 2, 3, 4, 5, 10, 11 ]
   }
}
