{
   "class name" : "VisionCorrectionModel",
   "content" : {
      "cam_offset" : [ -1.1519571345194668, 0.30890352995914672, 0.78743597702326618 ],
      "camera_pan" : 65.664633950227355,
      "camera_pan_space" : [ 60, 70 ],
      "camera_tilt" : 51.223026959087598,
      "camera_tilt_space" : [ 48, 55 ],
      "img_height" : 480,
      "img_width" : 640,
      "imu_offset" : [ -1.8536563690162347, -1.200500090882848, 0 ],
      "max_angle_error" : 5,
      "nb_samples" : 500,
      "nb_threads" : 40,
      "neck_offset" : [ 0, 0, 0 ],
      "px_stddev" : 7.2377983337201419,
      "px_stddev_space" : [ 1, 20 ],
      "used_indices" : [ 0, 1, 2, 3, 4, 5, 10, 11 ]
   }
}
