{
   "class name" : "VisionCorrectionModel",
   "content" : {
      "cam_offset" : [ -0.71508516314901827, -1.1293022362253042, 1.3154531973049246 ],
      "camera_pan" : 65.940548534092613,
      "camera_pan_space" : [ 60, 70 ],
      "camera_tilt" : 52.741499292591961,
      "camera_tilt_space" : [ 48, 55 ],
      "img_height" : 480,
      "img_width" : 640,
      "imu_offset" : [ -1.71240915150604, -1.377214006144897, 0 ],
      "max_angle_error" : 5,
      "nb_samples" : 500,
      "nb_threads" : 25,
      "neck_offset" : [ 0, 0, 0 ],
      "px_stddev" : 6.4491167640854083,
      "px_stddev_space" : [ 1, 20 ],
      "used_indices" : [ 0, 1, 2, 3, 4, 5, 10, 11 ]
   }
}
