{
            "class name" : "CalibrationModel",
            "content" : {
               "models" : {
                  "camera" : {
                     "class name" : "CameraModel",
                     "content" : {
                        "center_x" : 322.87800621279564,
                        "center_y" : 240.65299171367826,
                        "focal_x" : 480.89306471771363,
                        "focal_y" : 480.89306471771363,
                        "img_height" : 482,
                        "img_width" : 644,
                        "radial_coeffs" : [ 0.0059410618694917504, 0, 0 ],
                        "tangential_coeffs" : [ 0, 0 ]
                     }
                  },
                  "camera_corrected_from_camera" : {
                     "class name" : "PoseModel",
                     "content" : {
                        "pos" : [ 0, 0, 0.0040125990764618268 ],
                        "rpy" : [ -0.48697005421010059, 0.50238624960276868, 0.33785015087961645 ]
                     }
                  },
                  "head_base_corrected_from_head_base" : {
                     "class name" : "PoseModel",
                     "content" : {
                        "pos" : [ 0, 0, 0 ],
                        "rpy" : [ -0.67867281427472681, 1.2486163073552883, 0 ]
                     }
                  },
                  "noise" : {
                     "class name" : "VisionNoiseModel",
                     "content" : {
                        "px_stddev" : 2.4023751821750725
                     }
                  }
               }
            }
         }
