{
   "class name" : "VisionCorrectionModel",
   "content" : {
      "cam_offset" : [ 1.0531911130886147, 2.3477859875241993, -2.6076096277415091 ],
      "camera_pan" : 65.46876606018175,
      "camera_pan_space" : [ 60, 70 ],
      "camera_tilt" : 51.340705205650423,
      "camera_tilt_space" : [ 48, 55 ],
      "img_height" : 480,
      "img_width" : 640,
      "imu_offset" : [ 1.446252741987897, -0.323538173912234, 0 ],
      "max_angle_error" : 5,
      "nb_samples" : 500,
      "nb_threads" : 40,
      "neck_offset" : [ 0, 0, 0 ],
      "px_stddev" : 7.7948012410851062,
      "px_stddev_space" : [ 1, 20 ],
      "used_indices" : [ 0, 1, 2, 3, 4, 5, 10, 11 ]
   }
}
