{
   "class name" : "VisionCorrectionModel",
   "content" : {
      "cam_offset" : [ 0.67649167461051829, -2.6963646409351307, -0.48182998753184875 ],
      "camera_pan" : 67.044697172948034,
      "camera_pan_space" : [ 60, 70 ],
      "camera_tilt" : 54.015146745085133,
      "camera_tilt_space" : [ 48, 55 ],
      "img_height" : 480,
      "img_width" : 640,
      "imu_offset" : [ 0.39251120828431169, -0.3633457996494639, 0 ],
      "max_angle_error" : 5,
      "nb_samples" : 500,
      "nb_threads" : 16,
      "neck_offset" : [ 0, 0, 0 ],
      "px_stddev" : 9.4861072190743361,
      "px_stddev_space" : [ 1, 20 ],
      "used_indices" : [ 0, 1, 2, 3, 4, 5, 10, 11 ]
   }
}
