{
   "class name" : "VisionCorrectionModel",
   "content" : {
      "cam_offset" : [ -0.073250686920734595, -0.60276586134162979, -0.42354900763342196 ],
      "camera_pan" : 65.529558359583845,
      "camera_pan_space" : [ 60, 70 ],
      "camera_tilt" : 51.310994864560328,
      "camera_tilt_space" : [ 48, 55 ],
      "img_height" : 480,
      "img_width" : 640,
      "imu_offset" : [ 1.7882527906955592, -1.1315683272517063, 0 ],
      "max_angle_error" : 5,
      "nb_samples" : 500,
      "nb_threads" : 13,
      "neck_offset" : [ 0, 0, 0 ],
      "px_stddev" : 8.8747173644723905,
      "px_stddev_space" : [ 1, 20 ],
      "used_indices" : [ 0, 1, 2, 3, 4, 5, 10, 11 ]
   }
}
