{
   "class name" : "VisionCorrectionModel",
   "content" : {
      "cam_offset" : [ 0.79303405780223979, 2.4118367053465026, -2.4618258002063196 ],
      "camera_pan" : 65.159107381560361,
      "camera_pan_space" : [ 60, 70 ],
      "camera_tilt" : 50.80900794554389,
      "camera_tilt_space" : [ 48, 55 ],
      "img_height" : 480,
      "img_width" : 640,
      "imu_offset" : [ 1.6906958025790153, -0.380168105321808, 0 ],
      "max_angle_error" : 5,
      "nb_samples" : 500,
      "nb_threads" : 20,
      "neck_offset" : [ 0, 0, 0 ],
      "px_stddev" : 7.6761653535850449,
      "px_stddev_space" : [ 1, 20 ],
      "used_indices" : [ 0, 1, 2, 3, 4, 5, 10, 11 ]
   }
}
