{
   "class name" : "VisionCorrectionModel",
   "content" : {
      "cam_offset" : [ -0.2477377648495315, -2.5690631304467635, -0.48883329171829148 ],
      "camera_pan" : 66.746540844180728,
      "camera_pan_space" : [ 60, 70 ],
      "camera_tilt" : 52.377994671400018,
      "camera_tilt_space" : [ 48, 55 ],
      "img_height" : 480,
      "img_width" : 640,
      "imu_offset" : [ 1.7847606976451964, -1.7114194225602231, 0 ],
      "max_angle_error" : 5,
      "nb_samples" : 500,
      "nb_threads" : 10,
      "neck_offset" : [ 0, 0, 0 ],
      "px_stddev" : 9.1040547690927394,
      "px_stddev_space" : [ 1, 20 ],
      "used_indices" : [ 0, 1, 2, 3, 4, 5, 10, 11 ]
   }
}
