{
    // Untrained experimental model
    "cam_offset" : [ 0.097789045875007113, -1.058291806744619, 0.30106581624581602 ],
    "imu_offset" : [ 1.3479408075132058, 0.63102784092835162, 0 ],
    "max_angle_error" : 5,
    "nb_samples" : 500,
    "nb_threads" : 30,
    "neck_offset" : [ 0, 0, 0 ],
    "px_stddev" : 10,
    "px_stddev_space" : [ 1, 20 ],
    "used_indices" : [ 0, 1, 2, 3, 4, 5, 10, 11 ],
    "camera_model" : {
        "img_width" : 644,
        "img_height" : 482,
        "focal_x" : 481,
        "focal_y" : 483,
        "center_x" : 319,
        "center_y" : 231,
        "radial_coeffs" : [ -0.14, 0.18, -0.092],
        "tangential_coeffs" : [-0.00195, -0.00091]
    }
}
