{
   "class name" : "VisionCorrectionModel",
   "content" : {
      "cam_offset" : [ 0.097789045875007113, -1.058291806744619, 0.30106581624581602 ],
      "camera_pan" : 66.704735328095694,
      "camera_pan_space" : [ 60, 70 ],
      "camera_tilt" : 52.43835601163206,
      "camera_tilt_space" : [ 48, 55 ],
      "img_height" : 480,
      "img_width" : 640,
      "imu_offset" : [ 1.3479408075132058, 0.63102784092835162, 0 ],
      "max_angle_error" : 5,
      "nb_samples" : 500,
      "nb_threads" : 60,
      "neck_offset" : [ 0, 0, 0 ],
      "px_stddev" : 7.7863984170405001,
      "px_stddev_space" : [ 1, 20 ],
      "used_indices" : [ 0, 1, 2, 3, 4, 5, 10, 11 ]
   }
}
