{
   "class name" : "VisionCorrectionModel",
   "content" : {
      "cam_offset" : [ 0.90572169561052718, 0.6409903114063511, -2.585730349245178 ],
      "camera_pan" : 65.970939872569971,
      "camera_pan_space" : [ 60, 70 ],
      "camera_tilt" : 50.765733198282341,
      "camera_tilt_space" : [ 48, 55 ],
      "img_height" : 480,
      "img_width" : 640,
      "imu_offset" : [ 1.4454555044666602, -0.50692443497937034, 0 ],
      "max_angle_error" : 5,
      "nb_samples" : 500,
      "nb_threads" : 20,
      "neck_offset" : [ 0, 0, 0 ],
      "px_stddev" : 7.4090780286782945,
      "px_stddev_space" : [ 1, 20 ],
      "used_indices" : [ 0, 1, 2, 3, 4, 5, 10, 11 ]
   }
}
