{
   "class name" : "VisionCorrectionModel",
   "content" : {
      "cam_offset" : [ 0.21070773383522887, -2.0217452230507509, -0.42494417708478271 ],
      "camera_pan" : 67.11513595651806,
      "camera_pan_space" : [ 60, 70 ],
      "camera_tilt" : 53.695757429930197,
      "camera_tilt_space" : [ 48, 55 ],
      "img_height" : 480,
      "img_width" : 640,
      "imu_offset" : [ 1.0248116988465277, 0.25912313867251813, 0 ],
      "max_angle_error" : 5,
      "nb_samples" : 500,
      "nb_threads" : 25,
      "neck_offset" : [ 0, 0, 0 ],
      "px_stddev" : 9.1504364422005882,
      "px_stddev_space" : [ 1, 20 ],
      "used_indices" : [ 0, 1, 2, 3, 4, 5, 10, 11 ]
   }
}
