{
   "class name" : "VisionCorrectionModel",
   "content" : {
      "cam_offset" : [ -0.12292796039814942, 0.21467644621794105, 0.085302579854873176 ],
      "camera_pan" : 65.946005329947781,
      "camera_pan_space" : [ 60, 70 ],
      "camera_tilt" : 51.895364112961161,
      "camera_tilt_space" : [ 48, 55 ],
      "img_height" : 480,
      "img_width" : 640,
      "imu_offset" : [ 1.1904576135146554, 1.4839827399942112, 0 ],
      "max_angle_error" : 5,
      "nb_samples" : 500,
      "nb_threads" : 60,
      "neck_offset" : [ 0, 0, 0 ],
      "px_stddev" : 8.594130216541739,
      "px_stddev_space" : [ 1, 20 ],
      "used_indices" : [ 0, 1, 2, 3, 4, 5, 10, 11 ]
   }
}
