{
   "class name" : "VisionCorrectionModel",
   "content" : {
      "cam_offset" : [ 0.14518199017510208, -0.84564232870101996, 0.43035807364361689 ],
      "camera_pan" : 66.955692634401359,
      "camera_pan_space" : [ 60, 70 ],
      "camera_tilt" : 52.607113718913638,
      "camera_tilt_space" : [ 48, 55 ],
      "img_height" : 480,
      "img_width" : 640,
      "imu_offset" : [ -0.01102614486242821, 1.6030509007613247, 0 ],
      "max_angle_error" : 5,
      "nb_samples" : 500,
      "nb_threads" : 30,
      "neck_offset" : [ 0, 0, 0 ],
      "px_stddev" : 9.3891909748327187,
      "px_stddev_space" : [ 1, 20 ],
      "used_indices" : [ 0, 1, 2, 3, 4, 5, 10, 11 ]
   }
}
