{
    // Untrained experimental model
    "class name" : "VisionCorrectionModel",
    "content" : {
        "cam_offset" : [ 0.14518199017510208, -0.84564232870101996, 0.43035807364361689 ],
        "camera_pan_space" : [ 60, 70 ],
        "camera_tilt_space" : [ 48, 55 ],
        "imu_offset" : [ -0.01102614486242821, 1.6030509007613247, 0 ],
        "max_angle_error" : 5,
        "nb_samples" : 500,
        "nb_threads" : 30,
        "neck_offset" : [ 0, 0, 0 ],
        "px_stddev" : 10,
        "px_stddev_space" : [ 1, 20 ],
        "used_indices" : [ 0, 1, 2, 3, 4, 5, 10, 11 ],
        "camera_model" : {
            "img_width" : 640,
            "img_height" : 480,
            "focal_x" : 481,
            "focal_y" : 483,
            "center_x" : 319,
            "center_y" : 231,
            "radial_coeffs" : [ -0.14, 0.18, -0.092],
            "tangential_coeffs" : [-0.00195, -0.00091]
        }
    }
}
