{
   "class name" : "VisionCorrectionModel",
   "content" : {
      "cam_offset" : [ -0.32721277688484773, 0.6306365151485821, 2.9227509790180068 ],
      "camera_pan" : 67.616138344670645,
      "camera_pan_space" : [ 60, 70 ],
      "camera_tilt" : 53.602830096657989,
      "camera_tilt_space" : [ 48, 55 ],
      "img_height" : 480,
      "img_width" : 640,
      "imu_offset" : [ 0.84771030651571699, -1.8764450098726049, 0 ],
      "max_angle_error" : 5,
      "nb_samples" : 500,
      "nb_threads" : 16,
      "neck_offset" : [ 0, 0, 0 ],
      "px_stddev" : 9.8392658863434352,
      "px_stddev_space" : [ 1, 20 ],
      "used_indices" : [ 0, 1, 2, 3, 4, 5, 10, 11 ]
   }
}
