{
    "class name" : "CalibrationModel",
    "content" : {
        "models" : {
            "camera" : {
                "class name" : "CameraModel",
                "content" : {
                    "center_x" : 319.48690151404423,
                    "center_y" : 241.90929570720405,
                    "focal_x" : 476.76140581902808,
                    "focal_y" : 476.76140581902808,
                    "img_height" : 482,
                    "img_width" : 644,
                    "radial_coeffs" : [ -0.02777313865531518, 0, 0 ],
                    "tangential_coeffs" : [ 0, 0 ]
                }
            },
            "camera_corrected_from_camera" : {
                "class name" : "PoseModel",
                "content" : {
                    "pos" : [ 0, 0, -0.017965811804340533 ],
                    "rpy" : [ 1.0898003311115436, 1.54783358444773, -0.08168872120212356 ]
                }
            },
            "head_base_corrected_from_head_base" : {
                "class name" : "PoseModel",
                "content" : {
                    "pos" : [ 0, 0, 0 ],
                    "rpy" : [ -1.6407512583059329, 5.3688902138111665, 0 ]
                }
            },
            "noise" : {
                "class name" : "VisionNoiseModel",
                "content" : {
                    "px_stddev" : 3.8712604080570814
                }
            }
        }
    }
}
