{
   "class name" : "VisionCorrectionModel",
   "content" : {
      "cam_offset" : [ 0.34454722018800954, 0.35199053670115604, -0.33142617355596393 ],
      "camera_pan" : 65.747674672226125,
      "camera_pan_space" : [ 60, 70 ],
      "camera_tilt" : 51.266699383527907,
      "camera_tilt_space" : [ 48, 55 ],
      "img_height" : 480,
      "img_width" : 640,
      "imu_offset" : [ 0.91714201315802535, -0.93437695668768639, 0 ],
      "max_angle_error" : 5,
      "nb_samples" : 500,
      "nb_threads" : 20,
      "neck_offset" : [ 0, 0, 0 ],
      "px_stddev" : 7.5732354779895799,
      "px_stddev_space" : [ 1, 20 ],
      "used_indices" : [ 0, 1, 2, 3, 4, 5, 10, 11 ]
   }
}
