{
   "class name" : "VisionCorrectionModel",
   "content" : {
      "cam_offset" : [ 0.012136447674955057, 1.0196057368392168, -1.4908364257137459 ],
      "camera_pan" : 65.262831283217636,
      "camera_pan_space" : [ 60, 70 ],
      "camera_tilt" : 51.513778198466397,
      "camera_tilt_space" : [ 48, 55 ],
      "img_height" : 480,
      "img_width" : 640,
      "imu_offset" : [ 1.2304423085450071, -2.3924796191758841, 0 ],
      "max_angle_error" : 5,
      "nb_samples" : 500,
      "nb_threads" : 20,
      "neck_offset" : [ 0, 0, 0 ],
      "px_stddev" : 5.9472324300320114,
      "px_stddev_space" : [ 1, 20 ],
      "used_indices" : [ 0, 1, 2, 3, 4, 5, 10, 11 ]
   }
}
