{
   "class name" : "VisionCorrectionModel",
   "content" : {
      "cam_offset" : [ -0.081682946168682241, 1.9964095648379068, 2.9577413712509015 ],
      "camera_pan" : 65.732859128217115,
      "camera_pan_space" : [ 60, 70 ],
      "camera_tilt" : 51.94818241683739,
      "camera_tilt_space" : [ 48, 55 ],
      "img_height" : 480,
      "img_width" : 640,
      "imu_offset" : [ 0.69294235890959521, -2.137024155415185, 0 ],
      "max_angle_error" : 5,
      "nb_samples" : 500,
      "nb_threads" : 13,
      "neck_offset" : [ 0, 0, 0 ],
      "px_stddev" : 8.5818806849803302,
      "px_stddev_space" : [ 1, 20 ],
      "used_indices" : [ 0, 1, 2, 3, 4, 5, 10, 11 ]
   }
}
