{
   "class name" : "VisionCorrectionModel",
   "content" : {
      "cam_offset" : [ -0.063599803204408015, 1.3836477714236888, -0.071832695562772469 ],
      "camera_pan" : 66.349696218981848,
      "camera_pan_space" : [ 60, 70 ],
      "camera_tilt" : 52.474702404129985,
      "camera_tilt_space" : [ 48, 55 ],
      "img_height" : 480,
      "img_width" : 640,
      "imu_offset" : [ 0.69901690582631137, -2.2539671383687958, 0 ],
      "max_angle_error" : 5,
      "nb_samples" : 500,
      "nb_threads" : 40,
      "neck_offset" : [ 0, 0, 0 ],
      "px_stddev" : 7.1726767181155422,
      "px_stddev_space" : [ 1, 20 ],
      "used_indices" : [ 0, 1, 2, 3, 4, 5, 10, 11 ]
   }
}
