{
    // Untrained experimental model
    "cam_offset" : [ 0.32292986144615166, 2.043197951271801, 1.8951576500353653 ],
    "imu_offset" : [ 0.64343601861154287, -1.4646804350837219, 0 ],
    "max_angle_error" : 5,
    "nb_samples" : 500,
    "nb_threads" : 30,
    "neck_offset" : [ 0, 0, 0 ],
    "px_stddev" : 10,
    "px_stddev_space" : [ 1, 20 ],
    "used_indices" : [ 0, 1, 2, 3, 4, 5, 10, 11 ]
    "camera_model" : {
        "img_width" : 644,
        "img_height" : 482,
        "focal_x" : 482,
        "focal_y" : 484,
        "center_x" : 320,
        "center_y" : 231,
        "radial_coeffs" : [ -0.14, 0.18, -0.092],
        "tangential_coeffs" : [-0.00195, -0.00091]
    }
}
