{
   "class name" : "VisionCorrectionModel",
   "content" : {
      "cam_offset" : [ -0.18576159843837337, 0.24866010105230477, 2.9942159040367913 ],
      "camera_pan" : 67.056970289543372,
      "camera_pan_space" : [ 60, 70 ],
      "camera_tilt" : 53.441925883380563,
      "camera_tilt_space" : [ 48, 55 ],
      "img_height" : 480,
      "img_width" : 640,
      "imu_offset" : [ 0.74325149438965166, -2.6942248151148958, 0 ],
      "max_angle_error" : 5,
      "nb_samples" : 500,
      "nb_threads" : 10,
      "neck_offset" : [ 0, 0, 0 ],
      "px_stddev" : 9.7354090018198782,
      "px_stddev_space" : [ 1, 20 ],
      "used_indices" : [ 0, 1, 2, 3, 4, 5, 10, 11 ]
   }
}
