{
   "class name" : "VisionCorrectionModel",
   "content" : {
      "cam_offset" : [ 0.32292986144615166, 2.043197951271801, 1.8951576500353653 ],
      "camera_pan" : 66.865657289710086,
      "camera_pan_space" : [ 60, 70 ],
      "camera_tilt" : 52.270358031735341,
      "camera_tilt_space" : [ 48, 55 ],
      "img_height" : 480,
      "img_width" : 640,
      "imu_offset" : [ 0.64343601861154287, -1.4646804350837219, 0 ],
      "max_angle_error" : 5,
      "nb_samples" : 500,
      "nb_threads" : 30,
      "neck_offset" : [ 0, 0, 0 ],
      "px_stddev" : 9.2133519040844103,
      "px_stddev_space" : [ 1, 20 ],
      "used_indices" : [ 0, 1, 2, 3, 4, 5, 10, 11 ]
   }
}
