{
    "left_ankle_pitch": [
        [0, 0.351562],
        [1, 0.351562],
        [2, -0.263672],
        [3, -0.351562],
        [4, -0.263672],
        [5, -0.0878906]
    ],
    "left_ankle_roll": [
        [0, -0.0878906],
        [1, -0.0878906],
        [2, -0],
        [3, -0],
        [4, -0],
        [5, -0]
    ],
    "left_elbow": [
        [0, -0],
        [1, -0],
        [2, -16.3477],
        [3, -19.5117],
        [4, -28.6523],
        [5, -12.9199]
    ],
    "left_hip_pitch": [
        [0, -2.73633],
        [1, -2.73633],
        [2, -3],
        [3, -3.35156],
        [4, -0.0996094],
        [5, -0.275391]
    ],
    "left_hip_roll": [
        [0, -0.263672],
        [1, -0.263672],
        [2, -0.263672],
        [3, -0.615234],
        [4, 0.0878906],
        [5, 0.351562]
    ],
    "left_hip_yaw": [
        [0, 0.0878906],
        [1, 0.0878906],
        [2, 0],
        [3, -0.175781],
        [4, 0.0878906],
        [5, 0.263672]
    ],
    "left_knee": [
        [0, 0.0878906],
        [1, -0],
        [2, -0.351562],
        [3, -0.703125],
        [4, -0.175781],
        [5, -0.175781]
    ],
    "left_shoulder_pitch": [
        [0, -0.351562],
        [1, -0.351562],
        [2, 0.439453],
        [3, -40.2539],
        [4, -4.92188],
        [5, -68.291]
    ],
    "left_shoulder_roll": [
        [0, 1.23047],
        [1, 1.23047],
        [2, 40.6055],
        [3, 72.1582],
        [4, 38.3203],
        [5, 53.7012]
    ],
    "right_ankle_pitch": [
        [0, 10.9863],
        [1, 10.9863],
        [2, 11.5137],
        [3, 11.25],
        [4, 0.791016],
        [5, 2.54883]
    ],
    "right_ankle_roll": [
        [0, 5.36133],
        [1, 5.36133],
        [2, 5.625],
        [3, 5.53711],
        [4, 0.703125],
        [5, -1.05469]
    ],
    "right_elbow": [
        [0, -0.351562],
        [1, -0.351562],
        [2, -16.7871],
        [3, -45.0879],
        [4, -31.4648],
        [5, -22.0605]
    ],
    "right_hip_pitch": [
        [0, -7.91016],
        [1, -7.91016],
        [2, -7.64648],
        [3, -7.82227],
        [4, 1.40625],
        [5, -1.23047]
    ],
    "right_hip_roll": [
        [0, -2.54883],
        [1, -2.54883],
        [2, -2.46094],
        [3, -2.02148],
        [4, 0.351562],
        [5, 1.8457]
    ],
    "right_hip_yaw": [
        [0, -1.93359],
        [1, -1.93359],
        [2, -1.93359],
        [3, -1.75781],
        [4, 0.175781],
        [5, 6.50391]
    ],
    "right_knee": [
        [0, -0.175781],
        [1, -0.0878906],
        [2, 0.175781],
        [3, 0],
        [4, -0.878906],
        [5, -0.527344]
    ],
    "right_shoulder_pitch": [
        [0, -1.23047],
        [1, -1.23047],
        [2, -5.27344],
        [3, 15.293],
        [4, -0.703125],
        [5, 43.6816]
    ],
    "right_shoulder_roll": [
        [0, -3.42773],
        [1, -3.33984],
        [2, -29.2676],
        [3, -52.8223],
        [4, -40.7812],
        [5, -54.2285]
    ],

    "over": [
        [0, 0],
        [6, 0],
        [6.5, 1]
]
}