         {
            "class name" : "CalibrationModel",
            "content" : {
               "models" : {
                  "camera" : {
                     "class name" : "CameraModel",
                     "content" : {
                        "center_x" : 319.07039343926806,
                        "center_y" : 241.70614438828102,
                        "focal_x" : 482.73673009417354,
                        "focal_y" : 482.73673009417354,
                        "img_height" : 482,
                        "img_width" : 644,
                        "radial_coeffs" : [ 0.033632471547682348, 0, 0 ],
                        "tangential_coeffs" : [ 0, 0 ]
                     }
                  },
                  "camera_corrected_from_camera" : {
                     "class name" : "PoseModel",
                     "content" : {
                        "pos" : [ 0, 0, 0.0085713003032195801 ],
                        "rpy" : [ -0.57284524068004927, -0.036189225287547089, 0.28223397900889685 ]
                     }
                  },
                  "head_base_corrected_from_head_base" : {
                     "class name" : "PoseModel",
                     "content" : {
                        "pos" : [ 0, 0, 0 ],
                        "rpy" : [ -0.56987163218789394, 1.5415328917275062, 0 ]
                     }
                  },
                  "noise" : {
                     "class name" : "VisionNoiseModel",
                     "content" : {
                        "px_stddev" : 2.6054697879383273
                     }
                  }
               }
            }
         }
