{
   "class name" : "VisionCorrectionModel",
   "content" : {
      "cam_offset" : [ 0.31883238025224958, 0.68807361786873289, 0.024043865218844739 ],
      "camera_pan" : 65.201642467277679,
      "camera_pan_space" : [ 60, 70 ],
      "camera_tilt" : 51.666021675158035,
      "camera_tilt_space" : [ 48, 55 ],
      "img_height" : 480,
      "img_width" : 640,
      "imu_offset" : [ 1.9294011451794344, -1.7318981010624046, 0 ],
      "max_angle_error" : 5,
      "nb_samples" : 500,
      "nb_threads" : 13,
      "neck_offset" : [ 0, 0, 0 ],
      "px_stddev" : 5.8458635335974023,
      "px_stddev_space" : [ 1, 20 ],
      "used_indices" : [ 0, 1, 2, 3, 4, 5, 10, 11 ]
   }
}
