{
   "class name" : "VisionCorrectionModel",
   "content" : {
      "cam_offset" : [ 0.67532948440475582, 0.16283427662624433, -2.1301801659448918 ],
      "camera_pan" : 64.068294661730562,
      "camera_pan_space" : [ 60, 70 ],
      "camera_tilt" : 50.390284713256861,
      "camera_tilt_space" : [ 48, 55 ],
      "img_height" : 480,
      "img_width" : 640,
      "imu_offset" : [ 1.5804450145991182, -0.83532725839496302, 0 ],
      "max_angle_error" : 5,
      "nb_samples" : 500,
      "nb_threads" : 20,
      "neck_offset" : [ 0, 0, 0 ],
      "px_stddev" : 6.5776422234577892,
      "px_stddev_space" : [ 1, 20 ],
      "used_indices" : [ 0, 1, 2, 3, 4, 5, 10, 11 ]
   }
}
