{
   "class name" : "VisionCorrectionModel",
   "content" : {
      "cam_offset" : [ -0.99980987027695123, -0.48114399194952162, 0.25194865313949 ],
      "camera_pan" : 67,
      "camera_pan_space" : [ 65, 70 ],
      "camera_tilt" : 52.5,
      "camera_tilt_space" : [ 50, 55 ],
      "img_height" : 480,
      "img_width" : 640,
      "imu_offset" : [ 1.2018672678808755, -0.37525780966290456, 0 ],
      "max_angle_error" : 5,
      "nb_samples" : 500,
      "nb_threads" : 40,
      "neck_offset" : [ 0, 0, 0 ],
      "px_stddev" : 7.9387804761727976,
      "px_stddev_space" : [ 1, 20 ],
      "used_indices" : [ 0, 1, 2, 3, 4, 5 ]
   }
}
