{
   "class name" : "VisionCorrectionModel",
   "content" : {
      "cam_offset" : [ -0.98275143485115701, -0.10375120752979967, 0.27258692198952278 ],
      "camera_pan" : 65.097012348712923,
      "camera_pan_space" : [ 60, 70 ],
      "camera_tilt" : 50.949969606737803,
      "camera_tilt_space" : [ 48, 55 ],
      "img_height" : 480,
      "img_width" : 640,
      "imu_offset" : [ 1.1091504687652165, -1.0770065274551481, 0 ],
      "max_angle_error" : 5,
      "nb_samples" : 500,
      "nb_threads" : 40,
      "neck_offset" : [ 0, 0, 0 ],
      "px_stddev" : 6.7894251727002084,
      "px_stddev_space" : [ 1, 20 ],
      "used_indices" : [ 0, 1, 2, 3, 4, 5, 10, 11 ]
   }
}
