{
    // Untrained experimental model
    "cam_offset" : [ 0.31852044495902732, 0.599964785056464, -1.1626394675037495 ],
    "imu_offset" : [ 1.8563667321924466, -1.0751288509641874, 0 ],
    "max_angle_error" : 5,
    "nb_samples" : 500,
    "nb_threads" : 60,
    "neck_offset" : [ 0, 0, 0 ],
    "px_stddev" : 5.3125037494915022,
    "px_stddev_space" : [ 1, 20 ],
    "used_indices" : [ 0, 1, 2, 3, 4, 5, 10, 11 ],
    "camera_model" : {
        "img_width" : 644,
        "img_height" : 482,
        "focal_x" : 482,
        "focal_y" : 484,
        "center_x" : 320,
        "center_y" : 231,
        "radial_coeffs" : [ -0.14, 0.18, -0.092],
        "tangential_coeffs" : [-0.00195, -0.00091]
    }
}
}
