{
   "class name" : "VisionCorrectionModel",
   "content" : {
      "cam_offset" : [ -0.36489762885200655, -2.1205838017904175, -1.3270298488487553 ],
      "camera_pan" : 65.11269787365994,
      "camera_pan_space" : [ 60, 70 ],
      "camera_tilt" : 50.466787908706046,
      "camera_tilt_space" : [ 48, 55 ],
      "img_height" : 480,
      "img_width" : 640,
      "imu_offset" : [ 1.5653079533034751, -0.63858535937434224, 0 ],
      "max_angle_error" : 5,
      "nb_samples" : 500,
      "nb_threads" : 20,
      "neck_offset" : [ 0, 0, 0 ],
      "px_stddev" : 6.2346247354707831,
      "px_stddev_space" : [ 1, 20 ],
      "used_indices" : [ 0, 1, 2, 3, 4, 5, 10, 11 ]
   }
}
