{
   "class name" : "VisionCorrectionModel",
   "content" : {
      "cam_offset" : [ -0.39994079271180044, -2.1575551610426396, -1.4010932314733771 ],
      "camera_pan" : 64.920552235452149,
      "camera_pan_space" : [ 60, 70 ],
      "camera_tilt" : 50.089944110082364,
      "camera_tilt_space" : [ 48, 55 ],
      "img_height" : 480,
      "img_width" : 640,
      "imu_offset" : [ 1.2707082953007005, -0.57933615906061708, 0 ],
      "max_angle_error" : 5,
      "nb_samples" : 500,
      "nb_threads" : 40,
      "neck_offset" : [ 0, 0, 0 ],
      "px_stddev" : 6.7499273208087311,
      "px_stddev_space" : [ 1, 20 ],
      "used_indices" : [ 0, 1, 2, 3, 4, 5, 10, 11 ]
   }
}
